N,xyz,A,Q
14N,[4.44089210e-16 4.44089210e-16 3.09171069e+00],"[[0. 0. 0.]
 [0. 0. 0.]
 [0. 0. 0.]]","[[0. 0. 0.]
 [0. 0. 0.]
 [0. 0. 0.]]"
e,[4.44089210e-16 4.44089210e-16 3.09171069e+00],"[[0. 0. 0.]
 [0. 0. 0.]
 [0. 0. 0.]]","[[0. 0. 0.]
 [0. 0. 0.]
 [0. 0. 0.]]"
